<?xml version="1.0" encoding="UTF-8"?>
<project-private xmlns="http://www.netbeans.org/ns/project-private/1">
    <editor-bookmarks xmlns="http://www.netbeans.org/ns/editor-bookmarks/2" lastBookmarkId="1">
        <file>
            <url>src/rms/UpdateMarks.java</url>
            <bookmark id="1">
                <name/>
                <line>182</line>
                <key/>
            </bookmark>
        </file>
    </editor-bookmarks>
    <open-files xmlns="http://www.netbeans.org/ns/projectui-open-files/2">
        <group>
            <file>file:/C:/Users/Arti%20Rajput/Desktop/projects/Result_Management_System/src/rms/AddMarks.java</file>
            <file>file:/C:/Users/Arti%20Rajput/Desktop/projects/Result_Management_System/src/rms/UpdateMarks.java</file>
            <file>file:/C:/Users/Arti%20Rajput/Desktop/projects/Result_Management_System/src/rms/Result.java</file>
            <file>file:/C:/Users/Arti%20Rajput/Desktop/projects/Result_Management_System/src/rms/AddStudent.java</file>
            <file>file:/C:/Users/Arti%20Rajput/Desktop/projects/Result_Management_System/src/rms/chat_server.java</file>
            <file>file:/C:/Users/Arti%20Rajput/Desktop/projects/Result_Management_System/src/rms/Admin.java</file>
            <file>file:/C:/Users/Arti%20Rajput/Desktop/projects/Result_Management_System/src/rms/LogIn.java</file>
            <file>file:/C:/Users/Arti%20Rajput/Desktop/projects/Result_Management_System/src/rms/chat_client.java</file>
            <file>file:/C:/Users/Arti%20Rajput/Desktop/projects/Result_Management_System/src/rms/MySql.java</file>
            <file>file:/C:/Users/Arti%20Rajput/Desktop/projects/Result_Management_System/src/rms/DeleteRecord.java</file>
            <file>file:/C:/Users/Arti%20Rajput/Desktop/projects/Result_Management_System/src/rms/UpdateStudent.java</file>
            <file>file:/C:/Users/Arti%20Rajput/Desktop/projects/Result_Management_System/src/rms/ChatApplication.java</file>
            <file>file:/C:/Users/Arti%20Rajput/Desktop/projects/Result_Management_System/src/rms/Admininstrative.java</file>
        </group>
    </open-files>
</project-private>
